customer_id,first_name,last_name,city,region,signup_date,segment
CUST00001,Reyansh,Agarwal,Chandigarh,North,2024-03-12,Regular
CUST00002,Reyansh,Sinha,Kolkata,East,2024-11-26,Regular
CUST00003,Rahul,Singh,Ahmedabad,West,2024-05-31,Regular
CUST00004,Rahul,Verma,Ahmedabad,West,2025-02-17,New
CUST00005,Kiran,Sharma,Nagpur,West,2024-11-09,Regular
CUST00006,Diya,Pillai,Chandigarh,North,2024-02-28,New
CUST00007,Kiran,Rao,Bengaluru,South,2024-12-29,Regular
CUST00008,Sanjay,Gupta,Chennai,South,2024-11-02,Regular
CUST00009,Ishaan,Reddy,Mumbai,West,2025-01-22,Premium
CUST00010,Kavya,Das,Lucknow,North,2024-09-21,New
CUST00011,Vivaan,Agarwal,Nagpur,West,2025-01-01,Regular
CUST00012,Diya,Nair,Bengaluru,South,2024-07-24,New
CUST00013,Anika,Nair,Hyderabad,South,2024-01-02,New
CUST00014,Amit,Mehta,Hyderabad,South,2024-11-05,New
CUST00015,Anika,Chopra,Mumbai,West,2024-07-20,Premium
CUST00016,Kavya,Rao,Ahmedabad,West,2024-08-02,Regular
CUST00017,Nisha,Nair,Chennai,South,2024-07-26,Regular
CUST00018,Myra,Malhotra,Jaipur,North,2024-06-05,Regular
CUST00019,Aarav,Reddy,Jaipur,North,2024-12-09,New
CUST00020,Krishna,Joshi,Bengaluru,South,2024-03-21,Regular
CUST00021,Aditya,Sharma,Chandigarh,North,2024-09-17,Premium
CUST00022,Deepak,Iyer,Nagpur,West,2024-05-14,Premium
CUST00023,Diya,Verma,Delhi,North,2024-02-17,New
CUST00024,Nisha,Kumar,Bengaluru,South,2024-06-20,Regular
CUST00025,Meera,Gupta,Delhi,North,2024-08-14,New
CUST00026,Kavya,Gupta,Delhi,North,2024-01-05,Regular
CUST00027,Kavya,Reddy,Chandigarh,North,2025-01-27,Regular
CUST00028,Deepak,Mehta,Nagpur,West,2024-06-27,New
CUST00029,Reyansh,Pillai,Hyderabad,South,2024-04-05,Regular
CUST00030,Arjun,Reddy,Chandigarh,North,2024-01-29,New
CUST00031,Reyansh,Sinha,Pune,West,2024-10-10,Premium
CUST00032,Isha,Patel,Nagpur,West,2024-01-28,New
CUST00033,Priya,Joshi,Lucknow,North,2024-12-13,New
CUST00034,Nisha,Sharma,Delhi,North,2025-01-11,Regular
CUST00035,Sanjay,Agarwal,Jaipur,North,2024-09-15,New
CUST00036,Krishna,Iyer,Chennai,South,2024-08-12,New
CUST00037,Diya,Bhatia,Chandigarh,North,2025-01-08,New
CUST00038,Pooja,Iyer,Hyderabad,South,2024-04-22,New
CUST00039,Deepak,Agarwal,Nagpur,West,2024-10-21,Regular
CUST00040,Saanvi,Kumar,Delhi,North,2025-03-15,New
CUST00041,Saanvi,Verma,Mumbai,West,2024-08-07,New
CUST00042,Arjun,Sharma,Delhi,North,2025-02-06,Regular
CUST00043,Rahul,Chopra,Lucknow,North,2024-06-08,Regular
CUST00044,Neha,Singh,Kolkata,East,2024-07-21,New
CUST00045,Saanvi,Patel,Ahmedabad,West,2024-11-20,Regular
CUST00046,Sai,Joshi,Delhi,North,2024-07-19,New
CUST00047,Sai,Rao,Bengaluru,South,2024-05-27,New
CUST00048,Vihaan,Sinha,Lucknow,North,2024-05-26,New
CUST00049,Reyansh,Agarwal,Jaipur,North,2025-02-20,New
CUST00050,Reyansh,Das,Ahmedabad,West,2024-05-08,Regular
CUST00051,Sanjay,Das,Kolkata,East,2025-02-18,Premium
CUST00052,Aditya,Reddy,Nagpur,West,2024-05-23,Regular
CUST00053,Sanjay,Agarwal,Nagpur,West,2025-01-03,New
CUST00054,Aadhya,Chopra,Chennai,South,2024-02-06,Premium
CUST00055,Neha,Iyer,Jaipur,North,2024-04-08,Regular
CUST00056,Aadhya,Gupta,Hyderabad,South,2024-05-31,New
CUST00057,Aarav,Agarwal,Chandigarh,North,2024-04-22,New
CUST00058,Sai,Nair,Hyderabad,South,2024-09-10,New
CUST00059,Nisha,Gupta,Jaipur,North,2024-12-14,New
CUST00060,Kavya,Das,Mumbai,West,2024-11-05,New
CUST00061,Vikram,Iyer,Hyderabad,South,2024-06-09,New
CUST00062,Kavya,Rao,Hyderabad,South,2025-01-18,Regular
CUST00063,Aditya,Pillai,Delhi,North,2024-06-24,New
CUST00064,Riya,Kapoor,Pune,West,2024-08-17,New
CUST00065,Amit,Nair,Chandigarh,North,2024-01-27,Regular
CUST00066,Nisha,Sharma,Nagpur,West,2025-01-01,Regular
CUST00067,Arjun,Rao,Bengaluru,South,2024-01-04,New
CUST00068,Saanvi,Pillai,Nagpur,West,2024-08-07,Regular
CUST00069,Kavya,Patel,Bengaluru,South,2025-01-14,New
CUST00070,Pooja,Pillai,Chennai,South,2024-04-04,Premium
CUST00071,Aarav,Agarwal,Chennai,South,2025-02-19,Premium
CUST00072,Aditya,Das,Jaipur,North,2024-08-10,Regular
CUST00073,Aditya,Nair,Ahmedabad,West,2024-04-23,Regular
CUST00074,Amit,Verma,Chandigarh,North,2025-01-20,New
CUST00075,Krishna,Sharma,Jaipur,North,2024-10-25,Regular
CUST00076,Reyansh,Mehta,Kolkata,East,2024-01-26,Regular
CUST00077,Sanjay,Malhotra,Nagpur,West,2025-01-25,Regular
CUST00078,Isha,Agarwal,Delhi,North,2024-09-20,Regular
CUST00079,Aadhya,Kapoor,Nagpur,West,2025-01-05,New
CUST00080,Kiran,Verma,Mumbai,West,2024-10-14,Regular
CUST00081,Amit,Sinha,Jaipur,North,2024-07-04,Regular
CUST00082,Vikram,Pillai,Hyderabad,South,2024-06-18,Regular
CUST00083,Amit,Joshi,Nagpur,West,2024-04-10,Regular
CUST00084,Rahul,Chopra,Nagpur,West,2024-01-05,Regular
CUST00085,Sai,Malhotra,Hyderabad,South,2024-12-15,Regular
CUST00086,Neha,Nair,Hyderabad,South,2024-05-23,Premium
CUST00087,Kiran,Mehta,Bengaluru,South,2024-05-24,New
CUST00088,Riya,Kumar,Lucknow,North,2024-04-26,New
CUST00089,Ishaan,Chopra,Chennai,South,2024-05-08,New
CUST00090,Aarav,Bhatia,Mumbai,West,2024-04-05,Regular
CUST00091,Aadhya,Nair,Chennai,South,2025-01-19,Premium
CUST00092,Reyansh,Kumar,Pune,West,2024-12-14,New
CUST00093,Diya,Rao,Bengaluru,South,2024-03-26,New
CUST00094,Kavya,Kumar,Delhi,North,2024-04-03,Premium
CUST00095,Priya,Kumar,Nagpur,West,2025-02-03,New
CUST00096,Aadhya,Reddy,Hyderabad,South,2024-10-15,Regular
CUST00097,Arjun,Mehta,Pune,West,2024-11-20,Premium
CUST00098,Priya,Mehta,Lucknow,North,2024-05-26,Regular
CUST00099,Aarav,Kumar,Hyderabad,South,2024-01-16,New
CUST00100,Neha,Verma,Delhi,North,2025-01-18,Regular
CUST00101,Priya,Chopra,Mumbai,West,2024-06-11,Regular
CUST00102,Aarav,Sinha,Chandigarh,North,2024-04-10,Regular
CUST00103,Aarav,Sharma,Ahmedabad,West,2024-11-25,New
CUST00104,Vikram,Malhotra,Nagpur,West,2024-04-04,New
CUST00105,Vikram,Sinha,Mumbai,West,2024-02-04,New
CUST00106,Deepak,Nair,Lucknow,North,2024-03-30,New
CUST00107,Riya,Iyer,Kolkata,East,2024-07-14,Regular
CUST00108,Anika,Malhotra,Chandigarh,North,2025-02-16,New
CUST00109,Sanjay,Singh,Lucknow,North,2024-12-22,Regular
CUST00110,Aditya,Pillai,Bengaluru,South,2024-02-05,New
CUST00111,Reyansh,Kumar,Nagpur,West,2025-01-03,Regular
CUST00112,Neha,Gupta,Jaipur,North,2024-10-12,Premium
CUST00113,Nisha,Agarwal,Jaipur,North,2024-12-07,New
CUST00114,Riya,Pillai,Hyderabad,South,2025-01-30,Premium
CUST00115,Riya,Chopra,Jaipur,North,2024-10-10,Premium
CUST00116,Priya,Sinha,Lucknow,North,2025-01-01,New
CUST00117,Arjun,Gupta,Nagpur,West,2024-01-25,Regular
CUST00118,Rahul,Singh,Chennai,South,2024-05-30,Regular
CUST00119,Reyansh,Malhotra,Chennai,South,2024-02-11,Premium
CUST00120,Kavya,Kumar,Bengaluru,South,2024-08-02,Regular
CUST00121,Ananya,Das,Nagpur,West,2024-01-09,Regular
CUST00122,Diya,Pillai,Pune,West,2024-01-07,New
CUST00123,Krishna,Mehta,Jaipur,North,2025-03-09,Premium
CUST00124,Vivaan,Kumar,Chennai,South,2025-02-25,Premium
CUST00125,Aadhya,Malhotra,Delhi,North,2024-12-07,Regular
CUST00126,Reyansh,Malhotra,Hyderabad,South,2024-10-18,New
CUST00127,Riya,Chopra,Pune,West,2024-06-15,New
CUST00128,Deepak,Sinha,Kolkata,East,2024-05-05,Regular
CUST00129,Isha,Das,Nagpur,West,2024-05-05,New
CUST00130,Kiran,Nair,Jaipur,North,2025-02-26,Regular
CUST00131,Isha,Pillai,Jaipur,North,2024-11-07,Regular
CUST00132,Rahul,Patel,Lucknow,North,2024-02-13,Premium
CUST00133,Isha,Bhatia,Chennai,South,2024-03-20,Regular
CUST00134,Ananya,Kumar,Hyderabad,South,2024-08-14,Regular
CUST00135,Sanjay,Das,Jaipur,North,2024-10-31,Regular
CUST00136,Aarav,Gupta,Kolkata,East,2025-03-16,Premium
CUST00137,Rohan,Rao,Ahmedabad,West,2024-12-23,Regular
CUST00138,Kiran,Nair,Lucknow,North,2024-12-13,Regular
CUST00139,Krishna,Das,Nagpur,West,2024-08-07,New
CUST00140,Vihaan,Pillai,Jaipur,North,2025-02-20,New
CUST00141,Isha,Rao,Bengaluru,South,2024-09-09,Premium
CUST00142,Riya,Kumar,Jaipur,North,2025-03-25,New
CUST00143,Nisha,Das,Chandigarh,North,2024-12-30,New
CUST00144,Pooja,Sharma,Pune,West,2024-03-05,Regular
CUST00145,Myra,Pillai,Chandigarh,North,2024-12-06,Regular
CUST00146,Sanjay,Pillai,Delhi,North,2024-04-07,New
CUST00147,Aarav,Rao,Kolkata,East,2024-01-06,Regular
CUST00148,Arjun,Kumar,Pune,West,2024-09-15,Regular
CUST00149,Arjun,Kumar,Lucknow,North,2024-03-23,New
CUST00150,Kavya,Iyer,Delhi,North,2024-02-20,New
CUST00151,Vihaan,Sharma,Delhi,North,2024-10-14,New
CUST00152,Krishna,Reddy,Lucknow,North,2024-09-06,Regular
CUST00153,Amit,Gupta,Chandigarh,North,2024-11-01,Premium
CUST00154,Amit,Chopra,Chennai,South,2024-08-09,Regular
CUST00155,Saanvi,Rao,Kolkata,East,2024-07-25,Regular
CUST00156,Kavya,Verma,Chandigarh,North,2025-03-10,Premium
CUST00157,Kiran,Verma,Pune,West,2024-11-01,Regular
CUST00158,Nisha,Bhatia,Chandigarh,North,2025-03-10,Premium
CUST00159,Priya,Patel,Delhi,North,2024-11-30,New
CUST00160,Neha,Mehta,Bengaluru,South,2024-03-21,Premium
CUST00161,Vihaan,Mehta,Ahmedabad,West,2025-02-04,Regular
CUST00162,Kiran,Agarwal,Ahmedabad,West,2024-03-09,Premium
CUST00163,Rahul,Verma,Chandigarh,North,2024-02-12,New
CUST00164,Riya,Bhatia,Jaipur,North,2024-05-30,New
CUST00165,Ananya,Rao,Ahmedabad,West,2025-01-22,New
CUST00166,Pooja,Gupta,Bengaluru,South,2024-06-03,Regular
CUST00167,Anika,Sinha,Bengaluru,South,2024-10-03,New
CUST00168,Kiran,Mehta,Pune,West,2025-02-08,Regular
CUST00169,Arjun,Iyer,Nagpur,West,2024-12-11,Premium
CUST00170,Saanvi,Kapoor,Lucknow,North,2024-10-27,New
CUST00171,Deepak,Bhatia,Jaipur,North,2024-08-01,New
CUST00172,Nisha,Joshi,Delhi,North,2024-01-26,Premium
CUST00173,Krishna,Pillai,Bengaluru,South,2024-09-09,Premium
CUST00174,Myra,Kapoor,Lucknow,North,2024-01-28,New
CUST00175,Pooja,Verma,Lucknow,North,2024-01-14,New
CUST00176,Riya,Reddy,Bengaluru,South,2024-04-20,Regular
CUST00177,Ananya,Bhatia,Nagpur,West,2024-09-30,New
CUST00178,Aditya,Sinha,Jaipur,North,2024-04-28,New
CUST00179,Rohan,Reddy,Jaipur,North,2024-09-29,New
CUST00180,Deepak,Chopra,Jaipur,North,2024-05-24,New
CUST00181,Sanjay,Singh,Lucknow,North,2024-03-07,Regular
CUST00182,Anika,Bhatia,Hyderabad,South,2024-04-20,Regular
CUST00183,Myra,Nair,Ahmedabad,West,2025-01-03,Regular
CUST00184,Rohan,Iyer,Chennai,South,2024-01-06,Premium
CUST00185,Vivaan,Malhotra,Pune,West,2024-08-16,Premium
CUST00186,Rahul,Patel,Pune,West,2024-04-21,New
CUST00187,Ananya,Iyer,Kolkata,East,2025-01-21,Regular
CUST00188,Krishna,Kumar,Hyderabad,South,2025-02-11,New
CUST00189,Vivaan,Agarwal,Nagpur,West,2024-03-15,Premium
CUST00190,Sai,Pillai,Ahmedabad,West,2025-03-10,Regular
CUST00191,Vivaan,Bhatia,Chandigarh,North,2025-01-26,Regular
CUST00192,Isha,Chopra,Chennai,South,2024-11-21,Premium
CUST00193,Vihaan,Sinha,Hyderabad,South,2024-08-12,Regular
CUST00194,Diya,Bhatia,Delhi,North,2024-03-30,Regular
CUST00195,Sai,Kumar,Chandigarh,North,2024-12-21,New
CUST00196,Aditya,Sharma,Pune,West,2024-06-26,Regular
CUST00197,Arjun,Mehta,Nagpur,West,2025-01-20,New
CUST00198,Vivaan,Agarwal,Delhi,North,2024-11-14,Regular
CUST00199,Saanvi,Iyer,Chandigarh,North,2025-02-02,Regular
CUST00200,Neha,Gupta,Delhi,North,2024-03-09,Regular
CUST00201,Diya,Das,Chennai,South,2025-01-10,Premium
CUST00202,Vivaan,Chopra,Bengaluru,South,2024-02-04,Premium
CUST00203,Amit,Nair,Chandigarh,North,2024-12-26,Regular
CUST00204,Kiran,Gupta,Chennai,South,2024-06-13,Regular
CUST00205,Meera,Kapoor,Lucknow,North,2024-03-02,New
CUST00206,Isha,Mehta,Jaipur,North,2025-02-05,Regular
CUST00207,Reyansh,Nair,Bengaluru,South,2024-05-04,New
CUST00208,Neha,Bhatia,Delhi,North,2024-06-01,New
CUST00209,Myra,Verma,Chennai,South,2024-04-13,New
CUST00210,Reyansh,Sinha,Pune,West,2024-05-13,New
CUST00211,Riya,Nair,Lucknow,North,2025-03-23,New
CUST00212,Myra,Sharma,Hyderabad,South,2024-08-18,Regular
CUST00213,Vikram,Patel,Jaipur,North,2024-04-06,Regular
CUST00214,Meera,Sharma,Hyderabad,South,2024-03-26,Regular
CUST00215,Arjun,Mehta,Delhi,North,2024-04-27,Regular
CUST00216,Myra,Singh,Ahmedabad,West,2025-03-11,New
CUST00217,Vikram,Nair,Chennai,South,2024-06-05,New
CUST00218,Diya,Malhotra,Mumbai,West,2025-02-14,Regular
CUST00219,Riya,Singh,Hyderabad,South,2024-10-08,New
CUST00220,Arjun,Agarwal,Chandigarh,North,2024-09-10,Premium
CUST00221,Sai,Patel,Ahmedabad,West,2024-01-23,Regular
CUST00222,Kavya,Joshi,Nagpur,West,2024-08-05,Regular
CUST00223,Nisha,Das,Jaipur,North,2024-04-20,Regular
CUST00224,Ananya,Chopra,Nagpur,West,2024-12-21,Premium
CUST00225,Arjun,Kumar,Ahmedabad,West,2024-05-06,New
CUST00226,Kiran,Iyer,Pune,West,2024-02-20,Regular
CUST00227,Krishna,Iyer,Pune,West,2024-09-23,Regular
CUST00228,Kavya,Kumar,Chennai,South,2024-12-11,Regular
CUST00229,Amit,Sharma,Pune,West,2024-02-24,New
CUST00230,Myra,Bhatia,Jaipur,North,2024-11-04,New
CUST00231,Priya,Iyer,Bengaluru,South,2024-03-03,New
CUST00232,Deepak,Joshi,Pune,West,2025-01-20,Regular
CUST00233,Meera,Verma,Chandigarh,North,2024-01-17,Regular
CUST00234,Meera,Chopra,Chandigarh,North,2024-06-27,New
CUST00235,Sanjay,Reddy,Hyderabad,South,2024-07-16,New
CUST00236,Aarav,Pillai,Chandigarh,North,2024-05-29,New
CUST00237,Anika,Pillai,Kolkata,East,2024-12-02,Premium
CUST00238,Saanvi,Agarwal,Pune,West,2024-12-07,New
CUST00239,Vikram,Nair,Delhi,North,2024-11-22,Regular
CUST00240,Isha,Sinha,Chandigarh,North,2025-03-15,Premium
CUST00241,Nisha,Pillai,Ahmedabad,West,2024-01-19,New
CUST00242,Kavya,Sinha,Mumbai,West,2024-07-12,Regular
CUST00243,Saanvi,Das,Pune,West,2025-03-10,New
CUST00244,Aarav,Nair,Kolkata,East,2024-12-24,Regular
CUST00245,Rohan,Mehta,Bengaluru,South,2024-12-31,Regular
CUST00246,Aarav,Das,Kolkata,East,2024-12-14,New
CUST00247,Sanjay,Gupta,Ahmedabad,West,2025-03-18,Regular
CUST00248,Krishna,Bhatia,Chennai,South,2024-03-07,Premium
CUST00249,Kiran,Bhatia,Ahmedabad,West,2025-02-21,Regular
CUST00250,Pooja,Kapoor,Ahmedabad,West,2024-10-28,Regular
CUST00251,Vihaan,Agarwal,Chennai,South,2024-06-30,New
CUST00252,Neha,Rao,Mumbai,West,2024-01-07,Regular
CUST00253,Aarav,Sinha,Bengaluru,South,2024-02-05,Regular
CUST00254,Anika,Verma,Delhi,North,2024-10-29,Regular
CUST00255,Ananya,Mehta,Mumbai,West,2024-07-13,Regular
CUST00256,Diya,Agarwal,Chennai,South,2024-10-19,New
CUST00257,Nisha,Iyer,Mumbai,West,2024-02-22,New
CUST00258,Priya,Chopra,Ahmedabad,West,2024-03-21,Premium
CUST00259,Pooja,Kapoor,Kolkata,East,2024-05-07,New
CUST00260,Anika,Sinha,Delhi,North,2024-01-14,Regular
CUST00261,Vivaan,Malhotra,Jaipur,North,2024-12-24,New
CUST00262,Amit,Joshi,Hyderabad,South,2024-06-02,Regular
CUST00263,Isha,Verma,Kolkata,East,2024-10-19,New
CUST00264,Anika,Mehta,Hyderabad,South,2024-02-10,New
CUST00265,Saanvi,Kumar,Jaipur,North,2025-01-12,Regular
CUST00266,Rahul,Mehta,Pune,West,2024-01-27,Premium
CUST00267,Sai,Nair,Mumbai,West,2024-09-24,Regular
CUST00268,Rahul,Reddy,Lucknow,North,2024-06-21,Regular
CUST00269,Rahul,Kapoor,Mumbai,West,2024-11-05,Regular
CUST00270,Riya,Singh,Bengaluru,South,2024-10-08,New
CUST00271,Ananya,Nair,Chandigarh,North,2024-06-12,Regular
CUST00272,Reyansh,Nair,Bengaluru,South,2024-11-05,Regular
CUST00273,Myra,Kumar,Ahmedabad,West,2024-10-15,New
CUST00274,Myra,Agarwal,Bengaluru,South,2024-08-14,Regular
CUST00275,Saanvi,Malhotra,Chandigarh,North,2024-07-19,Regular
CUST00276,Rahul,Iyer,Jaipur,North,2024-10-22,Regular
CUST00277,Sanjay,Joshi,Ahmedabad,West,2024-02-11,Regular
CUST00278,Aditya,Gupta,Mumbai,West,2024-08-16,New
CUST00279,Riya,Patel,Mumbai,West,2024-01-12,New
CUST00280,Diya,Pillai,Delhi,North,2024-11-25,Regular
CUST00281,Saanvi,Bhatia,Nagpur,West,2024-11-13,Premium
CUST00282,Riya,Nair,Chennai,South,2024-03-21,Regular
CUST00283,Amit,Rao,Pune,West,2024-07-18,New
CUST00284,Sanjay,Chopra,Chandigarh,North,2025-02-13,New
CUST00285,Deepak,Bhatia,Lucknow,North,2024-01-16,Premium
CUST00286,Neha,Reddy,Chennai,South,2024-01-07,New
CUST00287,Aadhya,Nair,Mumbai,West,2024-11-10,Premium
CUST00288,Anika,Agarwal,Kolkata,East,2025-02-05,Regular
CUST00289,Reyansh,Pillai,Ahmedabad,West,2024-04-17,New
CUST00290,Vivaan,Gupta,Chennai,South,2024-06-19,New
CUST00291,Neha,Chopra,Kolkata,East,2024-01-15,Regular
CUST00292,Vihaan,Malhotra,Mumbai,West,2024-06-09,Premium
CUST00293,Rohan,Chopra,Mumbai,West,2024-11-06,Regular
CUST00294,Vivaan,Malhotra,Mumbai,West,2025-02-19,Premium
CUST00295,Meera,Reddy,Hyderabad,South,2024-01-29,Regular
CUST00296,Vikram,Chopra,Jaipur,North,2024-09-28,Premium
CUST00297,Myra,Mehta,Jaipur,North,2024-12-24,Regular
CUST00298,Aarav,Pillai,Bengaluru,South,2025-03-04,New
CUST00299,Nisha,Das,Hyderabad,South,2024-05-25,New
CUST00300,Sanjay,Rao,Delhi,North,2025-03-12,Premium
CUST00301,Ishaan,Bhatia,Delhi,North,2025-01-11,Regular
CUST00302,Diya,Kumar,Chennai,South,2025-03-02,Regular
CUST00303,Reyansh,Kapoor,Ahmedabad,West,2024-01-11,Premium
CUST00304,Vivaan,Reddy,Hyderabad,South,2024-09-16,New
CUST00305,Priya,Sinha,Lucknow,North,2024-04-16,New
CUST00306,Deepak,Iyer,Delhi,North,2024-09-15,Regular
CUST00307,Arjun,Kumar,Pune,West,2024-02-16,New
CUST00308,Ishaan,Gupta,Hyderabad,South,2025-01-12,Regular
CUST00309,Meera,Mehta,Bengaluru,South,2024-06-26,Regular
CUST00310,Saanvi,Gupta,Bengaluru,South,2024-09-25,New
CUST00311,Myra,Iyer,Hyderabad,South,2025-02-01,Premium
CUST00312,Ananya,Iyer,Ahmedabad,West,2024-11-18,New
CUST00313,Vikram,Iyer,Bengaluru,South,2025-02-12,Premium
CUST00314,Rohan,Iyer,Ahmedabad,West,2024-01-25,Regular
CUST00315,Meera,Verma,Ahmedabad,West,2024-05-03,New
CUST00316,Krishna,Kumar,Lucknow,North,2025-02-05,New
CUST00317,Kiran,Rao,Nagpur,West,2024-03-21,New
CUST00318,Isha,Sinha,Lucknow,North,2024-11-18,New
CUST00319,Vivaan,Nair,Chandigarh,North,2024-08-24,Regular
CUST00320,Pooja,Sinha,Ahmedabad,West,2024-04-01,Premium
CUST00321,Meera,Rao,Jaipur,North,2024-09-25,Regular
CUST00322,Sanjay,Mehta,Hyderabad,South,2024-07-09,Regular
CUST00323,Kiran,Reddy,Chennai,South,2024-08-22,Premium
CUST00324,Sanjay,Sinha,Kolkata,East,2025-03-01,New
CUST00325,Ananya,Reddy,Mumbai,West,2024-12-21,Regular
CUST00326,Isha,Chopra,Kolkata,East,2025-03-25,New
CUST00327,Kavya,Pillai,Jaipur,North,2024-01-17,New
CUST00328,Vivaan,Malhotra,Bengaluru,South,2024-11-21,New
CUST00329,Reyansh,Mehta,Jaipur,North,2024-08-11,Regular
CUST00330,Kiran,Bhatia,Chennai,South,2024-10-04,Premium
CUST00331,Vihaan,Das,Hyderabad,South,2024-08-06,New
CUST00332,Diya,Pillai,Lucknow,North,2025-01-08,New
CUST00333,Deepak,Das,Mumbai,West,2024-09-26,Premium
CUST00334,Vikram,Chopra,Hyderabad,South,2024-09-07,New
CUST00335,Vikram,Chopra,Kolkata,East,2024-01-29,New
CUST00336,Sai,Bhatia,Bengaluru,South,2024-02-27,New
CUST00337,Vivaan,Kapoor,Mumbai,West,2024-10-11,Premium
CUST00338,Aditya,Malhotra,Jaipur,North,2024-02-08,Regular
CUST00339,Vikram,Joshi,Hyderabad,South,2024-10-14,New
CUST00340,Kavya,Agarwal,Pune,West,2024-01-27,Premium
CUST00341,Nisha,Chopra,Ahmedabad,West,2024-04-01,Regular
CUST00342,Myra,Rao,Chennai,South,2025-03-18,Premium
CUST00343,Riya,Kumar,Bengaluru,South,2024-09-13,New
CUST00344,Sai,Bhatia,Mumbai,West,2025-03-20,New
CUST00345,Saanvi,Chopra,Mumbai,West,2024-09-27,Regular
CUST00346,Meera,Nair,Nagpur,West,2025-03-05,New
CUST00347,Vikram,Nair,Chandigarh,North,2024-06-22,Regular
CUST00348,Reyansh,Gupta,Nagpur,West,2024-06-29,Premium
CUST00349,Deepak,Gupta,Hyderabad,South,2024-02-15,Regular
CUST00350,Nisha,Kapoor,Kolkata,East,2024-09-29,Regular
CUST00351,Priya,Singh,Jaipur,North,2024-06-14,New
CUST00352,Kiran,Verma,Ahmedabad,West,2024-03-12,New
CUST00353,Isha,Pillai,Ahmedabad,West,2024-10-03,New
CUST00354,Anika,Kapoor,Pune,West,2024-02-01,Regular
CUST00355,Sanjay,Sharma,Nagpur,West,2024-04-11,Premium
CUST00356,Ananya,Sinha,Ahmedabad,West,2024-02-10,New
CUST00357,Sanjay,Kapoor,Pune,West,2024-03-26,New
CUST00358,Aarav,Mehta,Ahmedabad,West,2025-02-19,Premium
CUST00359,Aarav,Verma,Delhi,North,2024-10-15,Premium
CUST00360,Nisha,Sharma,Hyderabad,South,2024-06-02,New
CUST00361,Vivaan,Patel,Kolkata,East,2024-03-30,Regular
CUST00362,Anika,Bhatia,Mumbai,West,2024-04-15,New
CUST00363,Saanvi,Nair,Chandigarh,North,2024-11-12,Regular
CUST00364,Sai,Iyer,Pune,West,2024-03-13,New
CUST00365,Ishaan,Das,Nagpur,West,2024-09-20,Premium
CUST00366,Kiran,Agarwal,Chandigarh,North,2025-01-17,New
CUST00367,Priya,Rao,Hyderabad,South,2025-01-24,Regular
CUST00368,Deepak,Gupta,Jaipur,North,2024-07-06,Regular
CUST00369,Ananya,Das,Pune,West,2024-01-12,New
CUST00370,Isha,Malhotra,Bengaluru,South,2024-05-01,New
CUST00371,Kavya,Singh,Ahmedabad,West,2024-08-08,Regular
CUST00372,Neha,Sinha,Nagpur,West,2024-03-22,New
CUST00373,Riya,Kumar,Ahmedabad,West,2024-12-26,Regular
CUST00374,Kiran,Mehta,Bengaluru,South,2024-02-04,New
CUST00375,Amit,Bhatia,Delhi,North,2025-01-25,Regular
CUST00376,Nisha,Agarwal,Chennai,South,2024-01-04,Regular
CUST00377,Nisha,Agarwal,Nagpur,West,2024-05-31,Regular
CUST00378,Riya,Iyer,Hyderabad,South,2024-09-06,Regular
CUST00379,Vihaan,Verma,Mumbai,West,2025-02-23,New
CUST00380,Rohan,Sinha,Bengaluru,South,2024-07-04,Premium
CUST00381,Diya,Gupta,Mumbai,West,2024-02-09,Regular
CUST00382,Aarav,Gupta,Lucknow,North,2024-01-08,New
CUST00383,Nisha,Mehta,Nagpur,West,2024-01-14,Premium
CUST00384,Neha,Kumar,Chennai,South,2025-02-25,Regular
CUST00385,Nisha,Bhatia,Ahmedabad,West,2024-08-18,New
CUST00386,Vivaan,Reddy,Pune,West,2024-05-24,New
CUST00387,Sanjay,Verma,Bengaluru,South,2024-08-16,New
CUST00388,Aarav,Nair,Nagpur,West,2025-03-15,New
CUST00389,Neha,Bhatia,Chandigarh,North,2024-01-10,New
CUST00390,Kavya,Rao,Lucknow,North,2024-04-02,New
CUST00391,Nisha,Iyer,Delhi,North,2024-05-12,New
CUST00392,Ananya,Chopra,Delhi,North,2024-11-08,New
CUST00393,Priya,Joshi,Chennai,South,2024-06-23,Regular
CUST00394,Arjun,Pillai,Delhi,North,2024-04-29,Regular
CUST00395,Kiran,Bhatia,Pune,West,2024-04-17,Regular
CUST00396,Priya,Das,Mumbai,West,2024-10-19,Premium
CUST00397,Vikram,Sharma,Kolkata,East,2024-02-04,Regular
CUST00398,Rahul,Kumar,Delhi,North,2024-06-27,New
CUST00399,Rohan,Agarwal,Chennai,South,2024-08-29,Premium
CUST00400,Ananya,Verma,Jaipur,North,2024-11-01,Premium
CUST00401,Reyansh,Bhatia,Chandigarh,North,2024-06-26,New
CUST00402,Sai,Agarwal,Kolkata,East,2025-01-18,New
CUST00403,Priya,Rao,Mumbai,West,2024-08-21,Regular
CUST00404,Krishna,Das,Chennai,South,2024-05-08,Regular
CUST00405,Vikram,Patel,Chennai,South,2024-03-26,New
CUST00406,Aarav,Joshi,Lucknow,North,2025-02-17,Regular
CUST00407,Saanvi,Nair,Ahmedabad,West,2025-01-03,New
CUST00408,Krishna,Kapoor,Hyderabad,South,2024-10-15,Regular
CUST00409,Aadhya,Kapoor,Chennai,South,2024-10-30,Regular
CUST00410,Deepak,Verma,Mumbai,West,2024-07-10,New
CUST00411,Ishaan,Sharma,Jaipur,North,2024-03-29,Premium
CUST00412,Ishaan,Malhotra,Jaipur,North,2024-11-19,Regular
CUST00413,Sai,Kapoor,Hyderabad,South,2024-04-11,New
CUST00414,Vivaan,Das,Jaipur,North,2024-10-05,New
CUST00415,Ananya,Sharma,Ahmedabad,West,2024-11-05,Regular
CUST00416,Rahul,Bhatia,Delhi,North,2024-03-16,Regular
CUST00417,Myra,Sinha,Nagpur,West,2024-04-02,New
CUST00418,Saanvi,Pillai,Bengaluru,South,2025-03-03,New
CUST00419,Ananya,Gupta,Ahmedabad,West,2024-04-19,Regular
CUST00420,Vivaan,Kapoor,Jaipur,North,2024-01-03,Regular
CUST00421,Krishna,Rao,Mumbai,West,2025-02-15,New
CUST00422,Deepak,Chopra,Chennai,South,2024-10-30,Regular
CUST00423,Diya,Singh,Chandigarh,North,2025-03-07,Regular
CUST00424,Kavya,Das,Nagpur,West,2025-01-13,Regular
CUST00425,Rahul,Joshi,Kolkata,East,2024-12-01,Regular
CUST00426,Kiran,Bhatia,Jaipur,North,2024-10-18,Premium
CUST00427,Myra,Singh,Chennai,South,2024-05-20,New
CUST00428,Vivaan,Kapoor,Hyderabad,South,2025-01-07,New
CUST00429,Meera,Bhatia,Nagpur,West,2024-10-17,Regular
CUST00430,Rohan,Singh,Mumbai,West,2024-01-02,New
CUST00431,Vihaan,Joshi,Kolkata,East,2024-12-16,Premium
CUST00432,Reyansh,Malhotra,Kolkata,East,2025-03-22,New
CUST00433,Rohan,Mehta,Ahmedabad,West,2024-02-05,New
CUST00434,Amit,Reddy,Pune,West,2025-01-19,New
CUST00435,Isha,Mehta,Chandigarh,North,2024-05-20,Regular
CUST00436,Amit,Iyer,Lucknow,North,2024-01-09,Regular
CUST00437,Pooja,Mehta,Ahmedabad,West,2024-05-31,New
CUST00438,Deepak,Kumar,Hyderabad,South,2024-02-19,Regular
CUST00439,Vihaan,Reddy,Lucknow,North,2024-12-10,New
CUST00440,Vihaan,Mehta,Delhi,North,2025-03-14,Regular
CUST00441,Myra,Pillai,Bengaluru,South,2024-04-17,Premium
CUST00442,Neha,Pillai,Pune,West,2025-03-07,New
CUST00443,Aditya,Reddy,Chandigarh,North,2024-05-17,New
CUST00444,Isha,Verma,Bengaluru,South,2024-09-19,Regular
CUST00445,Aditya,Mehta,Pune,West,2024-05-04,Regular
CUST00446,Saanvi,Joshi,Kolkata,East,2024-10-06,New
CUST00447,Riya,Singh,Lucknow,North,2024-04-11,Regular
CUST00448,Reyansh,Malhotra,Hyderabad,South,2024-08-19,Regular
CUST00449,Vihaan,Gupta,Jaipur,North,2024-05-15,New
CUST00450,Sai,Iyer,Kolkata,East,2024-07-14,New
CUST00451,Kiran,Verma,Nagpur,West,2024-01-05,New
CUST00452,Rahul,Nair,Pune,West,2024-07-18,Regular
CUST00453,Amit,Chopra,Lucknow,North,2024-09-15,New
CUST00454,Vivaan,Chopra,Mumbai,West,2024-04-11,Regular
CUST00455,Vivaan,Agarwal,Ahmedabad,West,2024-05-29,Regular
CUST00456,Vihaan,Kumar,Jaipur,North,2024-11-06,Regular
CUST00457,Nisha,Rao,Nagpur,West,2024-05-24,New
CUST00458,Krishna,Agarwal,Bengaluru,South,2024-05-23,New
CUST00459,Neha,Sinha,Ahmedabad,West,2024-04-27,Premium
CUST00460,Krishna,Chopra,Delhi,North,2024-04-30,Regular
CUST00461,Priya,Patel,Pune,West,2024-08-18,Premium
CUST00462,Rahul,Rao,Nagpur,West,2024-02-07,New
CUST00463,Vikram,Kapoor,Hyderabad,South,2024-05-30,New
CUST00464,Vivaan,Iyer,Chennai,South,2024-09-14,Premium
CUST00465,Ishaan,Sharma,Chandigarh,North,2024-11-18,New
CUST00466,Neha,Singh,Mumbai,West,2024-11-06,New
CUST00467,Amit,Joshi,Pune,West,2024-11-11,Premium
CUST00468,Rohan,Chopra,Delhi,North,2024-02-11,Regular
CUST00469,Isha,Gupta,Ahmedabad,West,2024-06-06,Regular
CUST00470,Aditya,Rao,Kolkata,East,2025-03-11,Regular
CUST00471,Myra,Gupta,Mumbai,West,2024-12-12,Regular
CUST00472,Anika,Kapoor,Hyderabad,South,2024-09-12,Premium
CUST00473,Vivaan,Sharma,Hyderabad,South,2024-04-04,Regular
CUST00474,Kavya,Rao,Pune,West,2024-08-25,New
CUST00475,Aditya,Gupta,Jaipur,North,2025-01-24,New
CUST00476,Rahul,Verma,Ahmedabad,West,2025-02-08,New
CUST00477,Sanjay,Bhatia,Hyderabad,South,2024-06-21,Regular
CUST00478,Kiran,Malhotra,Hyderabad,South,2024-05-25,New
CUST00479,Sai,Joshi,Mumbai,West,2024-02-29,New
CUST00480,Riya,Kumar,Bengaluru,South,2025-02-21,Regular
CUST00481,Vivaan,Joshi,Mumbai,West,2024-09-09,Regular
CUST00482,Myra,Iyer,Kolkata,East,2024-03-23,New
CUST00483,Rahul,Iyer,Nagpur,West,2024-07-08,New
CUST00484,Reyansh,Rao,Nagpur,West,2024-04-06,Regular
CUST00485,Reyansh,Nair,Delhi,North,2024-04-10,Regular
CUST00486,Priya,Agarwal,Hyderabad,South,2024-05-03,Regular
CUST00487,Anika,Kumar,Hyderabad,South,2024-07-09,New
CUST00488,Vikram,Gupta,Kolkata,East,2024-06-03,New
CUST00489,Kavya,Reddy,Chennai,South,2024-03-26,Premium
CUST00490,Neha,Verma,Chandigarh,North,2025-02-08,New
CUST00491,Myra,Mehta,Kolkata,East,2024-11-09,New
CUST00492,Arjun,Sharma,Chennai,South,2024-08-29,Regular
CUST00493,Rahul,Das,Chennai,South,2024-06-21,New
CUST00494,Saanvi,Gupta,Delhi,North,2024-07-06,Regular
CUST00495,Rahul,Agarwal,Kolkata,East,2024-04-26,Regular
CUST00496,Vihaan,Verma,Hyderabad,South,2024-04-21,Regular
CUST00497,Krishna,Gupta,Jaipur,North,2024-08-08,New
CUST00498,Sai,Mehta,Chennai,South,2024-02-11,Premium
CUST00499,Ishaan,Pillai,Ahmedabad,West,2025-01-27,Premium
CUST00500,Vivaan,Rao,Delhi,North,2024-01-10,Premium
CUST00501,Kiran,Nair,Chennai,South,2024-10-10,Regular
CUST00502,Vivaan,Nair,Chandigarh,North,2024-08-01,Regular
CUST00503,Myra,Pillai,Nagpur,West,2024-12-08,Regular
CUST00504,Riya,Kumar,Nagpur,West,2025-03-24,New
CUST00505,Krishna,Malhotra,Ahmedabad,West,2024-03-27,Regular
CUST00506,Isha,Sinha,Ahmedabad,West,2024-05-31,New
CUST00507,Priya,Nair,Lucknow,North,2025-02-18,New
CUST00508,Ananya,Agarwal,Bengaluru,South,2025-01-25,Regular
CUST00509,Riya,Joshi,Lucknow,North,2024-09-17,Regular
CUST00510,Amit,Nair,Lucknow,North,2024-02-07,New
CUST00511,Aadhya,Pillai,Ahmedabad,West,2024-09-12,New
CUST00512,Ishaan,Verma,Mumbai,West,2024-02-18,New
CUST00513,Vihaan,Kapoor,Jaipur,North,2024-06-17,Premium
CUST00514,Neha,Das,Lucknow,North,2024-05-28,New
CUST00515,Meera,Nair,Mumbai,West,2025-01-08,Regular
CUST00516,Aadhya,Verma,Chandigarh,North,2024-01-10,New
CUST00517,Krishna,Das,Kolkata,East,2024-06-01,New
CUST00518,Kavya,Das,Pune,West,2025-02-17,Premium
CUST00519,Diya,Sinha,Delhi,North,2025-01-10,Premium
CUST00520,Deepak,Reddy,Delhi,North,2024-09-24,Premium
CUST00521,Anika,Malhotra,Chennai,South,2024-05-05,Regular
CUST00522,Krishna,Kapoor,Kolkata,East,2024-05-30,Regular
CUST00523,Ananya,Joshi,Jaipur,North,2024-01-22,Regular
CUST00524,Isha,Das,Mumbai,West,2024-01-29,Regular
CUST00525,Priya,Das,Bengaluru,South,2025-02-10,Regular
CUST00526,Isha,Joshi,Chennai,South,2024-07-07,Regular
CUST00527,Aditya,Sinha,Kolkata,East,2025-02-16,New
CUST00528,Diya,Bhatia,Jaipur,North,2024-05-07,New
CUST00529,Krishna,Mehta,Lucknow,North,2024-05-23,Regular
CUST00530,Diya,Kumar,Bengaluru,South,2025-03-24,New
CUST00531,Aditya,Mehta,Mumbai,West,2024-01-10,Regular
CUST00532,Kavya,Reddy,Chandigarh,North,2025-02-14,Regular
CUST00533,Aadhya,Malhotra,Jaipur,North,2025-02-23,New
CUST00534,Deepak,Chopra,Delhi,North,2024-01-14,Regular
CUST00535,Rahul,Agarwal,Chandigarh,North,2025-02-03,New
CUST00536,Neha,Patel,Ahmedabad,West,2024-07-29,Premium
CUST00537,Vihaan,Bhatia,Hyderabad,South,2024-01-20,Regular
CUST00538,Amit,Gupta,Lucknow,North,2024-10-19,Regular
CUST00539,Amit,Nair,Kolkata,East,2025-02-08,New
CUST00540,Kavya,Singh,Nagpur,West,2024-02-26,New
CUST00541,Saanvi,Reddy,Hyderabad,South,2024-08-08,Regular
CUST00542,Pooja,Kumar,Lucknow,North,2024-02-24,Regular
CUST00543,Pooja,Verma,Mumbai,West,2025-02-06,New
CUST00544,Kiran,Sinha,Delhi,North,2024-11-14,New
CUST00545,Amit,Malhotra,Nagpur,West,2024-01-30,Premium
CUST00546,Rahul,Singh,Bengaluru,South,2025-03-07,New
CUST00547,Nisha,Pillai,Kolkata,East,2024-05-25,New
CUST00548,Saanvi,Bhatia,Chandigarh,North,2024-11-08,Premium
CUST00549,Isha,Sharma,Delhi,North,2024-07-16,Regular
CUST00550,Aadhya,Bhatia,Chandigarh,North,2025-02-02,New
CUST00551,Kavya,Joshi,Kolkata,East,2024-05-16,Premium
CUST00552,Arjun,Agarwal,Lucknow,North,2024-02-19,New
CUST00553,Ananya,Pillai,Pune,West,2024-07-16,Regular
CUST00554,Isha,Sinha,Chennai,South,2025-02-06,New
CUST00555,Kavya,Sinha,Chennai,South,2024-12-14,Regular
CUST00556,Priya,Pillai,Chennai,South,2024-03-14,Premium
CUST00557,Vihaan,Patel,Lucknow,North,2024-09-16,New
CUST00558,Reyansh,Das,Bengaluru,South,2024-05-08,Regular
CUST00559,Vihaan,Patel,Jaipur,North,2024-06-30,New
CUST00560,Diya,Agarwal,Ahmedabad,West,2024-02-05,New
CUST00561,Pooja,Chopra,Lucknow,North,2025-02-17,New
CUST00562,Reyansh,Gupta,Kolkata,East,2024-08-07,Regular
CUST00563,Rohan,Rao,Pune,West,2024-04-15,Regular
CUST00564,Sai,Chopra,Jaipur,North,2024-10-27,Premium
CUST00565,Ananya,Agarwal,Mumbai,West,2024-09-06,Regular
CUST00566,Rahul,Singh,Mumbai,West,2025-02-20,Regular
CUST00567,Sai,Bhatia,Mumbai,West,2024-06-08,Regular
CUST00568,Priya,Bhatia,Kolkata,East,2025-02-08,New
CUST00569,Diya,Kapoor,Jaipur,North,2024-06-13,Premium
CUST00570,Anika,Kumar,Bengaluru,South,2024-03-27,New
CUST00571,Pooja,Pillai,Bengaluru,South,2025-01-05,Premium
CUST00572,Diya,Iyer,Delhi,North,2024-06-26,Regular
CUST00573,Rohan,Reddy,Pune,West,2024-10-15,Regular
CUST00574,Vikram,Verma,Nagpur,West,2025-03-17,Regular
CUST00575,Reyansh,Pillai,Delhi,North,2024-04-07,New
CUST00576,Sai,Verma,Delhi,North,2024-11-25,New
CUST00577,Vivaan,Rao,Jaipur,North,2024-03-06,New
CUST00578,Aadhya,Rao,Bengaluru,South,2024-05-04,Regular
CUST00579,Diya,Bhatia,Ahmedabad,West,2024-10-20,Regular
CUST00580,Rohan,Gupta,Bengaluru,South,2024-11-14,Regular
CUST00581,Reyansh,Agarwal,Lucknow,North,2025-01-17,Regular
CUST00582,Priya,Bhatia,Ahmedabad,West,2024-08-19,Premium
CUST00583,Amit,Agarwal,Nagpur,West,2024-09-26,New
CUST00584,Ishaan,Nair,Lucknow,North,2024-10-10,Regular
CUST00585,Vivaan,Gupta,Ahmedabad,West,2024-02-13,Regular
CUST00586,Priya,Gupta,Pune,West,2024-06-15,Regular
CUST00587,Sanjay,Das,Chandigarh,North,2025-02-06,New
CUST00588,Ananya,Chopra,Lucknow,North,2024-01-08,New
CUST00589,Kiran,Iyer,Hyderabad,South,2024-03-25,New
CUST00590,Ishaan,Bhatia,Ahmedabad,West,2024-07-28,New
CUST00591,Priya,Patel,Nagpur,West,2025-01-20,New
CUST00592,Aditya,Malhotra,Bengaluru,South,2024-10-09,New
CUST00593,Krishna,Patel,Delhi,North,2024-08-07,New
CUST00594,Krishna,Kumar,Nagpur,West,2024-06-24,New
CUST00595,Vihaan,Patel,Pune,West,2024-10-01,Premium
CUST00596,Diya,Joshi,Kolkata,East,2024-01-16,Premium
CUST00597,Isha,Malhotra,Mumbai,West,2024-09-16,Premium
CUST00598,Deepak,Kumar,Jaipur,North,2024-05-10,Regular
CUST00599,Sanjay,Agarwal,Mumbai,West,2024-06-02,New
CUST00600,Arjun,Gupta,Nagpur,West,2024-09-21,Regular
CUST00601,Anika,Patel,Bengaluru,South,2024-02-29,New
CUST00602,Ananya,Verma,Nagpur,West,2024-12-29,New
CUST00603,Pooja,Verma,Pune,West,2024-05-10,Premium
CUST00604,Nisha,Rao,Chennai,South,2024-06-04,Regular
CUST00605,Nisha,Sharma,Chennai,South,2024-06-11,New
CUST00606,Ishaan,Sinha,Mumbai,West,2024-11-09,Regular
CUST00607,Neha,Rao,Pune,West,2024-09-29,Regular
CUST00608,Ananya,Bhatia,Chandigarh,North,2025-02-22,New
CUST00609,Vikram,Rao,Mumbai,West,2024-03-06,New
CUST00610,Pooja,Bhatia,Kolkata,East,2024-07-19,Regular
CUST00611,Aarav,Nair,Kolkata,East,2024-12-08,New
CUST00612,Aditya,Singh,Lucknow,North,2025-02-12,New
CUST00613,Myra,Gupta,Jaipur,North,2024-04-26,New
CUST00614,Priya,Kapoor,Hyderabad,South,2025-02-04,Regular
CUST00615,Aditya,Malhotra,Mumbai,West,2024-04-24,Premium
CUST00616,Meera,Verma,Ahmedabad,West,2024-02-15,Regular
CUST00617,Vihaan,Nair,Bengaluru,South,2024-05-26,Premium
CUST00618,Kavya,Agarwal,Delhi,North,2024-10-07,New
CUST00619,Kavya,Patel,Kolkata,East,2024-05-29,Premium
CUST00620,Riya,Kapoor,Bengaluru,South,2025-01-21,Regular
CUST00621,Ishaan,Agarwal,Kolkata,East,2024-07-24,Regular
CUST00622,Meera,Sinha,Hyderabad,South,2025-02-01,New
CUST00623,Rahul,Singh,Ahmedabad,West,2024-10-12,New
CUST00624,Aarav,Agarwal,Jaipur,North,2024-05-21,Regular
CUST00625,Aditya,Iyer,Chandigarh,North,2024-11-29,Regular
CUST00626,Vihaan,Singh,Nagpur,West,2024-09-20,Premium
CUST00627,Vikram,Kapoor,Pune,West,2025-02-28,Premium
CUST00628,Neha,Rao,Delhi,North,2025-03-07,New
CUST00629,Aditya,Joshi,Mumbai,West,2024-09-11,Regular
CUST00630,Aadhya,Agarwal,Chennai,South,2024-06-20,New
CUST00631,Vikram,Iyer,Jaipur,North,2024-11-19,Premium
CUST00632,Vivaan,Sharma,Ahmedabad,West,2024-10-27,Regular
CUST00633,Krishna,Chopra,Pune,West,2024-03-16,Regular
CUST00634,Myra,Iyer,Bengaluru,South,2024-01-26,New
CUST00635,Amit,Nair,Chennai,South,2024-11-02,New
CUST00636,Sanjay,Sinha,Hyderabad,South,2024-11-06,Regular
CUST00637,Kiran,Singh,Pune,West,2024-03-16,Regular
CUST00638,Amit,Chopra,Mumbai,West,2024-06-10,Regular
CUST00639,Ishaan,Sharma,Ahmedabad,West,2024-03-27,New
CUST00640,Amit,Das,Delhi,North,2024-03-01,Regular
CUST00641,Deepak,Nair,Bengaluru,South,2025-01-14,Regular
CUST00642,Sanjay,Malhotra,Delhi,North,2024-12-20,New
CUST00643,Aditya,Rao,Hyderabad,South,2024-11-07,Regular
CUST00644,Vikram,Patel,Delhi,North,2024-10-28,New
CUST00645,Krishna,Joshi,Hyderabad,South,2025-01-14,New
CUST00646,Reyansh,Pillai,Lucknow,North,2024-12-28,New
CUST00647,Ishaan,Iyer,Ahmedabad,West,2024-02-06,New
CUST00648,Saanvi,Sinha,Chandigarh,North,2025-02-26,Regular
CUST00649,Reyansh,Malhotra,Chandigarh,North,2024-05-26,Regular
CUST00650,Kavya,Malhotra,Delhi,North,2024-06-16,New
CUST00651,Diya,Nair,Ahmedabad,West,2025-03-20,Regular
CUST00652,Diya,Rao,Delhi,North,2024-10-27,Regular
CUST00653,Kiran,Kumar,Ahmedabad,West,2024-06-01,Regular
CUST00654,Neha,Malhotra,Kolkata,East,2024-06-25,Regular
CUST00655,Anika,Das,Mumbai,West,2024-11-19,New
CUST00656,Vihaan,Das,Chennai,South,2024-05-26,Regular
CUST00657,Krishna,Agarwal,Delhi,North,2024-08-12,New
CUST00658,Riya,Bhatia,Jaipur,North,2025-02-26,New
CUST00659,Vikram,Iyer,Lucknow,North,2025-03-25,Premium
CUST00660,Isha,Mehta,Mumbai,West,2024-02-20,Premium
CUST00661,Sanjay,Reddy,Nagpur,West,2024-09-15,Regular
CUST00662,Meera,Verma,Pune,West,2025-01-21,Regular
CUST00663,Krishna,Verma,Delhi,North,2025-02-28,New
CUST00664,Aditya,Joshi,Delhi,North,2024-11-06,Regular
CUST00665,Deepak,Kumar,Chennai,South,2024-03-02,Regular
CUST00666,Sanjay,Patel,Nagpur,West,2024-10-03,Regular
CUST00667,Anika,Singh,Bengaluru,South,2025-03-04,New
CUST00668,Rahul,Patel,Lucknow,North,2024-01-30,New
CUST00669,Vivaan,Gupta,Bengaluru,South,2024-06-04,Regular
CUST00670,Ishaan,Nair,Chandigarh,North,2024-02-17,New
CUST00671,Meera,Singh,Nagpur,West,2025-02-20,Regular
CUST00672,Vivaan,Kumar,Kolkata,East,2024-07-14,New
CUST00673,Aarav,Sharma,Hyderabad,South,2024-10-01,New
CUST00674,Kiran,Das,Nagpur,West,2025-02-22,New
CUST00675,Meera,Joshi,Delhi,North,2025-01-03,Regular
CUST00676,Arjun,Nair,Mumbai,West,2024-06-24,New
CUST00677,Diya,Patel,Delhi,North,2024-01-31,Regular
CUST00678,Isha,Das,Chennai,South,2025-02-17,New
CUST00679,Meera,Gupta,Chandigarh,North,2024-02-14,New
CUST00680,Meera,Kapoor,Pune,West,2024-12-28,New
CUST00681,Rohan,Sinha,Mumbai,West,2024-09-18,Regular
CUST00682,Myra,Mehta,Chennai,South,2024-05-01,New
CUST00683,Rohan,Kumar,Bengaluru,South,2024-03-27,New
CUST00684,Anika,Iyer,Delhi,North,2024-10-11,New
CUST00685,Myra,Agarwal,Delhi,North,2024-04-18,Premium
CUST00686,Amit,Singh,Chennai,South,2024-06-13,Regular
CUST00687,Isha,Verma,Pune,West,2024-11-04,Regular
CUST00688,Riya,Gupta,Lucknow,North,2024-12-19,New
CUST00689,Riya,Pillai,Chennai,South,2025-03-05,Regular
CUST00690,Rahul,Chopra,Chandigarh,North,2024-12-24,Regular
CUST00691,Aarav,Gupta,Mumbai,West,2024-05-18,New
CUST00692,Vikram,Pillai,Bengaluru,South,2024-09-08,New
CUST00693,Amit,Sinha,Chennai,South,2024-12-06,New
CUST00694,Arjun,Pillai,Chennai,South,2024-06-12,Premium
CUST00695,Meera,Verma,Chandigarh,North,2024-11-05,Regular
CUST00696,Diya,Joshi,Kolkata,East,2024-01-05,Regular
CUST00697,Priya,Iyer,Lucknow,North,2024-01-12,Premium
CUST00698,Riya,Sinha,Lucknow,North,2024-10-30,New
CUST00699,Priya,Patel,Kolkata,East,2024-09-06,Regular
CUST00700,Ananya,Sharma,Ahmedabad,West,2025-02-10,New
CUST00701,Ananya,Sinha,Mumbai,West,2024-06-27,Premium
CUST00702,Meera,Das,Nagpur,West,2025-03-10,Regular
CUST00703,Myra,Singh,Kolkata,East,2024-12-30,Regular
CUST00704,Ishaan,Nair,Hyderabad,South,2025-03-04,New
CUST00705,Saanvi,Sharma,Ahmedabad,West,2024-05-26,New
CUST00706,Aditya,Kumar,Kolkata,East,2024-07-26,Regular
CUST00707,Amit,Joshi,Bengaluru,South,2024-02-23,Regular
CUST00708,Nisha,Rao,Nagpur,West,2024-07-12,New
CUST00709,Aditya,Bhatia,Bengaluru,South,2024-01-19,New
CUST00710,Deepak,Pillai,Ahmedabad,West,2024-11-22,New
CUST00711,Aditya,Sharma,Hyderabad,South,2024-01-25,Regular
CUST00712,Myra,Kumar,Ahmedabad,West,2024-05-15,Regular
CUST00713,Ishaan,Sharma,Hyderabad,South,2024-02-04,Regular
CUST00714,Krishna,Iyer,Mumbai,West,2025-03-05,New
CUST00715,Vihaan,Patel,Chandigarh,North,2024-12-20,Regular
CUST00716,Kavya,Malhotra,Mumbai,West,2024-02-14,Premium
CUST00717,Meera,Patel,Mumbai,West,2025-02-27,New
CUST00718,Vivaan,Mehta,Nagpur,West,2024-05-23,Regular
CUST00719,Vivaan,Verma,Lucknow,North,2024-01-13,Regular
CUST00720,Kiran,Verma,Kolkata,East,2025-01-26,New
CUST00721,Pooja,Reddy,Chennai,South,2024-10-21,New
CUST00722,Ishaan,Malhotra,Chennai,South,2025-02-06,New
CUST00723,Sanjay,Pillai,Kolkata,East,2024-01-23,Premium
CUST00724,Rohan,Mehta,Hyderabad,South,2024-02-23,New
CUST00725,Anika,Kapoor,Mumbai,West,2025-02-15,New
CUST00726,Rahul,Bhatia,Pune,West,2024-01-30,Regular
CUST00727,Isha,Nair,Mumbai,West,2024-01-12,Regular
CUST00728,Kavya,Verma,Mumbai,West,2024-09-04,Regular
CUST00729,Ananya,Iyer,Nagpur,West,2024-02-18,New
CUST00730,Saanvi,Das,Pune,West,2024-10-20,Premium
CUST00731,Pooja,Das,Ahmedabad,West,2025-02-28,New
CUST00732,Diya,Joshi,Jaipur,North,2024-03-05,New
CUST00733,Ishaan,Verma,Nagpur,West,2024-04-09,Premium
CUST00734,Riya,Malhotra,Bengaluru,South,2024-06-25,New
CUST00735,Pooja,Chopra,Bengaluru,South,2025-02-24,New
CUST00736,Neha,Sharma,Nagpur,West,2024-08-04,Regular
CUST00737,Rohan,Bhatia,Kolkata,East,2024-07-31,Regular
CUST00738,Isha,Kumar,Delhi,North,2024-01-24,Regular
CUST00739,Saanvi,Singh,Jaipur,North,2024-04-03,New
CUST00740,Priya,Sinha,Bengaluru,South,2024-05-19,Premium
CUST00741,Saanvi,Kumar,Pune,West,2024-10-30,New
CUST00742,Ishaan,Gupta,Mumbai,West,2024-09-12,New
CUST00743,Diya,Iyer,Nagpur,West,2024-01-13,New
CUST00744,Isha,Singh,Mumbai,West,2024-01-16,New
CUST00745,Sai,Joshi,Pune,West,2025-03-15,Regular
CUST00746,Vihaan,Malhotra,Kolkata,East,2024-06-21,New
CUST00747,Ishaan,Nair,Kolkata,East,2024-10-18,Regular
CUST00748,Kiran,Patel,Nagpur,West,2025-03-03,New
CUST00749,Krishna,Sharma,Hyderabad,South,2024-01-21,New
CUST00750,Aditya,Malhotra,Jaipur,North,2024-02-18,New
CUST00751,Rohan,Chopra,Chennai,South,2024-03-14,New
CUST00752,Arjun,Patel,Ahmedabad,West,2024-09-14,New
CUST00753,Vihaan,Kapoor,Lucknow,North,2024-06-11,Regular
CUST00754,Myra,Patel,Delhi,North,2024-09-24,Regular
CUST00755,Pooja,Joshi,Jaipur,North,2024-08-15,New
CUST00756,Deepak,Patel,Delhi,North,2024-12-05,Regular
CUST00757,Aadhya,Bhatia,Delhi,North,2024-04-13,New
CUST00758,Diya,Mehta,Chandigarh,North,2024-06-23,Regular
CUST00759,Vivaan,Kumar,Pune,West,2025-01-25,New
CUST00760,Rahul,Sharma,Kolkata,East,2025-03-17,New
CUST00761,Sanjay,Chopra,Chandigarh,North,2025-01-07,Regular
CUST00762,Reyansh,Singh,Bengaluru,South,2024-06-08,Premium
CUST00763,Aarav,Nair,Pune,West,2024-02-28,New
CUST00764,Aditya,Iyer,Mumbai,West,2024-08-13,Regular
CUST00765,Myra,Chopra,Lucknow,North,2024-01-04,Premium
CUST00766,Ishaan,Kumar,Ahmedabad,West,2024-04-05,Regular
CUST00767,Ananya,Bhatia,Nagpur,West,2024-10-04,New
CUST00768,Meera,Chopra,Kolkata,East,2024-12-27,Premium
CUST00769,Sanjay,Mehta,Chandigarh,North,2024-10-27,New
CUST00770,Isha,Nair,Ahmedabad,West,2024-03-08,New
CUST00771,Kiran,Joshi,Chandigarh,North,2024-11-16,New
CUST00772,Priya,Patel,Ahmedabad,West,2025-03-13,Regular
CUST00773,Myra,Iyer,Mumbai,West,2024-10-08,New
CUST00774,Arjun,Agarwal,Hyderabad,South,2024-12-26,New
CUST00775,Amit,Sharma,Mumbai,West,2025-02-25,Regular
CUST00776,Myra,Kapoor,Chennai,South,2025-01-24,New
CUST00777,Amit,Das,Lucknow,North,2024-10-28,New
CUST00778,Nisha,Gupta,Pune,West,2024-04-02,Regular
CUST00779,Isha,Joshi,Nagpur,West,2024-06-09,New
CUST00780,Ananya,Malhotra,Mumbai,West,2024-01-11,New
CUST00781,Diya,Patel,Jaipur,North,2024-09-28,Regular
CUST00782,Kiran,Rao,Ahmedabad,West,2024-11-15,Premium
CUST00783,Nisha,Chopra,Chandigarh,North,2024-12-22,New
CUST00784,Riya,Patel,Pune,West,2024-06-02,New
CUST00785,Diya,Sinha,Chandigarh,North,2024-05-04,Premium
CUST00786,Ananya,Joshi,Chennai,South,2024-12-01,Premium
CUST00787,Neha,Nair,Lucknow,North,2024-01-08,Regular
CUST00788,Vihaan,Bhatia,Delhi,North,2025-03-02,Regular
CUST00789,Meera,Agarwal,Ahmedabad,West,2024-08-29,Regular
CUST00790,Amit,Chopra,Jaipur,North,2025-02-24,New
CUST00791,Arjun,Mehta,Chandigarh,North,2024-08-03,Regular
CUST00792,Krishna,Verma,Kolkata,East,2025-03-07,New
CUST00793,Arjun,Gupta,Nagpur,West,2024-05-20,New
CUST00794,Vihaan,Iyer,Pune,West,2024-09-04,Premium
CUST00795,Vivaan,Sinha,Delhi,North,2024-06-08,Regular
CUST00796,Reyansh,Pillai,Bengaluru,South,2025-02-07,Regular
CUST00797,Aditya,Gupta,Delhi,North,2024-12-24,Regular
CUST00798,Kavya,Pillai,Mumbai,West,2024-06-21,New
CUST00799,Priya,Das,Hyderabad,South,2025-03-24,New
CUST00800,Deepak,Malhotra,Hyderabad,South,2024-04-25,New
CUST00801,Meera,Joshi,Jaipur,North,2024-04-14,New
CUST00802,Aarav,Pillai,Pune,West,2024-12-19,Regular
CUST00803,Ishaan,Singh,Chennai,South,2024-09-12,New
CUST00804,Riya,Gupta,Nagpur,West,2024-10-08,Regular
CUST00805,Isha,Reddy,Kolkata,East,2024-11-22,Regular
CUST00806,Arjun,Kapoor,Hyderabad,South,2024-10-05,Regular
CUST00807,Myra,Das,Hyderabad,South,2024-04-18,Regular
CUST00808,Ishaan,Rao,Bengaluru,South,2024-04-21,Premium
CUST00809,Kiran,Kapoor,Jaipur,North,2024-11-19,New
CUST00810,Aditya,Kumar,Delhi,North,2024-07-13,New
CUST00811,Meera,Nair,Hyderabad,South,2024-01-24,New
CUST00812,Vihaan,Gupta,Mumbai,West,2025-03-16,Regular
CUST00813,Rahul,Agarwal,Kolkata,East,2024-12-30,New
CUST00814,Nisha,Iyer,Jaipur,North,2024-09-05,New
CUST00815,Sai,Kumar,Jaipur,North,2024-05-17,New
CUST00816,Reyansh,Patel,Chennai,South,2024-11-12,New
CUST00817,Riya,Bhatia,Hyderabad,South,2024-11-27,New
CUST00818,Vihaan,Bhatia,Jaipur,North,2025-01-31,New
CUST00819,Anika,Kumar,Jaipur,North,2024-04-21,Regular
CUST00820,Kavya,Rao,Chandigarh,North,2024-02-16,Regular
CUST00821,Reyansh,Rao,Ahmedabad,West,2024-01-22,New
CUST00822,Rahul,Nair,Delhi,North,2024-09-28,New
CUST00823,Rohan,Mehta,Chandigarh,North,2024-06-10,Regular
CUST00824,Ishaan,Pillai,Chandigarh,North,2024-01-10,Regular
CUST00825,Saanvi,Singh,Hyderabad,South,2024-04-20,Regular
CUST00826,Rahul,Kumar,Pune,West,2024-08-28,Regular
CUST00827,Sanjay,Sinha,Hyderabad,South,2024-03-21,Premium
CUST00828,Pooja,Verma,Ahmedabad,West,2024-09-27,Regular
CUST00829,Meera,Patel,Delhi,North,2025-02-10,New
CUST00830,Vikram,Pillai,Mumbai,West,2024-09-07,New
CUST00831,Ishaan,Malhotra,Pune,West,2024-09-18,Regular
CUST00832,Rahul,Gupta,Delhi,North,2024-03-03,Regular
CUST00833,Aadhya,Bhatia,Kolkata,East,2024-07-10,Regular
CUST00834,Aditya,Bhatia,Hyderabad,South,2024-02-01,New
CUST00835,Vihaan,Das,Delhi,North,2024-12-04,Regular
CUST00836,Aditya,Nair,Lucknow,North,2024-10-15,Premium
CUST00837,Vikram,Singh,Ahmedabad,West,2024-11-10,Regular
CUST00838,Sai,Sharma,Delhi,North,2024-06-16,New
CUST00839,Aarav,Kumar,Chandigarh,North,2024-12-01,Premium
CUST00840,Isha,Rao,Bengaluru,South,2024-05-26,New
CUST00841,Meera,Joshi,Lucknow,North,2024-03-29,New
CUST00842,Vihaan,Chopra,Kolkata,East,2024-01-02,Premium
CUST00843,Riya,Kumar,Ahmedabad,West,2024-01-07,New
CUST00844,Neha,Gupta,Mumbai,West,2024-09-28,Premium
CUST00845,Riya,Das,Hyderabad,South,2024-11-23,New
CUST00846,Saanvi,Chopra,Chennai,South,2024-11-26,New
CUST00847,Diya,Pillai,Pune,West,2024-04-06,New
CUST00848,Kiran,Kapoor,Chennai,South,2024-04-27,New
CUST00849,Aarav,Das,Jaipur,North,2024-01-19,Regular
CUST00850,Meera,Verma,Kolkata,East,2024-10-15,Regular
CUST00851,Amit,Reddy,Kolkata,East,2024-01-14,Regular
CUST00852,Amit,Agarwal,Ahmedabad,West,2024-12-03,Premium
CUST00853,Ishaan,Nair,Lucknow,North,2024-03-02,Regular
CUST00854,Saanvi,Verma,Pune,West,2024-02-27,New
CUST00855,Nisha,Iyer,Chennai,South,2024-03-22,Regular
CUST00856,Ishaan,Pillai,Chandigarh,North,2024-06-25,New
CUST00857,Meera,Gupta,Lucknow,North,2024-04-07,Regular
CUST00858,Aadhya,Verma,Nagpur,West,2024-10-06,Regular
CUST00859,Amit,Joshi,Kolkata,East,2024-10-21,New
CUST00860,Myra,Patel,Hyderabad,South,2024-02-10,New
CUST00861,Diya,Sinha,Hyderabad,South,2025-01-01,Regular
CUST00862,Rahul,Verma,Pune,West,2024-11-18,New
CUST00863,Meera,Mehta,Jaipur,North,2024-12-17,Regular
CUST00864,Ishaan,Singh,Chandigarh,North,2024-09-14,Premium
CUST00865,Aarav,Sinha,Lucknow,North,2024-09-22,Regular
CUST00866,Meera,Sinha,Chennai,South,2025-01-13,Regular
CUST00867,Vihaan,Verma,Jaipur,North,2024-10-10,Regular
CUST00868,Isha,Singh,Kolkata,East,2024-10-31,Regular
CUST00869,Riya,Sharma,Lucknow,North,2025-02-23,Regular
CUST00870,Kavya,Mehta,Pune,West,2024-06-24,Regular
CUST00871,Rohan,Das,Chandigarh,North,2024-02-23,New
CUST00872,Priya,Bhatia,Hyderabad,South,2024-04-02,Regular
CUST00873,Meera,Sinha,Ahmedabad,West,2024-12-13,Regular
CUST00874,Sanjay,Iyer,Lucknow,North,2025-03-09,Regular
CUST00875,Krishna,Reddy,Delhi,North,2024-09-01,Premium
CUST00876,Priya,Bhatia,Delhi,North,2024-12-31,New
CUST00877,Aadhya,Verma,Ahmedabad,West,2024-07-21,Regular
CUST00878,Aditya,Sharma,Chandigarh,North,2024-01-16,New
CUST00879,Aadhya,Mehta,Mumbai,West,2024-02-07,New
CUST00880,Vihaan,Malhotra,Ahmedabad,West,2024-06-22,New
CUST00881,Sai,Sharma,Kolkata,East,2025-01-10,Premium
CUST00882,Krishna,Sinha,Lucknow,North,2024-07-27,Premium
CUST00883,Sai,Joshi,Jaipur,North,2024-10-21,New
CUST00884,Kiran,Sharma,Pune,West,2024-02-06,Regular
CUST00885,Pooja,Verma,Lucknow,North,2024-12-28,Regular
CUST00886,Sai,Nair,Hyderabad,South,2024-04-23,Regular
CUST00887,Arjun,Bhatia,Nagpur,West,2024-01-18,Regular
CUST00888,Amit,Joshi,Lucknow,North,2024-07-03,New
CUST00889,Amit,Reddy,Chandigarh,North,2024-11-05,New
CUST00890,Kiran,Bhatia,Delhi,North,2024-11-06,Regular
CUST00891,Sai,Das,Jaipur,North,2025-01-19,Premium
CUST00892,Rahul,Rao,Chennai,South,2024-07-20,Premium
CUST00893,Anika,Reddy,Bengaluru,South,2024-04-18,Regular
CUST00894,Riya,Gupta,Hyderabad,South,2024-03-09,New
CUST00895,Diya,Mehta,Kolkata,East,2024-06-01,New
CUST00896,Deepak,Agarwal,Ahmedabad,West,2024-06-01,Regular
CUST00897,Kavya,Kumar,Hyderabad,South,2024-04-19,New
CUST00898,Rohan,Reddy,Delhi,North,2025-01-03,New
CUST00899,Ishaan,Patel,Bengaluru,South,2024-04-18,Regular
CUST00900,Amit,Iyer,Pune,West,2024-09-17,Regular
CUST00901,Saanvi,Chopra,Kolkata,East,2025-02-17,New
CUST00902,Amit,Iyer,Chennai,South,2024-03-27,New
CUST00903,Kavya,Agarwal,Kolkata,East,2024-02-14,New
CUST00904,Krishna,Verma,Chennai,South,2024-05-13,Regular
CUST00905,Nisha,Sharma,Delhi,North,2024-05-05,New
CUST00906,Rohan,Sinha,Lucknow,North,2024-05-17,Regular
CUST00907,Riya,Singh,Mumbai,West,2024-07-19,New
CUST00908,Ananya,Kapoor,Kolkata,East,2024-09-03,New
CUST00909,Riya,Bhatia,Nagpur,West,2024-05-31,Regular
CUST00910,Vikram,Iyer,Delhi,North,2025-03-21,Premium
CUST00911,Aditya,Mehta,Ahmedabad,West,2024-06-23,Regular
CUST00912,Vikram,Das,Mumbai,West,2024-05-20,Premium
CUST00913,Vivaan,Rao,Delhi,North,2024-09-01,New
CUST00914,Vikram,Reddy,Ahmedabad,West,2024-10-08,Regular
CUST00915,Isha,Kumar,Lucknow,North,2024-10-31,Regular
CUST00916,Deepak,Pillai,Kolkata,East,2024-11-04,Regular
CUST00917,Nisha,Pillai,Chandigarh,North,2024-01-25,Regular
CUST00918,Aditya,Bhatia,Chennai,South,2025-02-19,Regular
CUST00919,Aadhya,Iyer,Ahmedabad,West,2024-11-07,Regular
CUST00920,Sanjay,Rao,Jaipur,North,2024-12-29,New
CUST00921,Ishaan,Reddy,Bengaluru,South,2024-05-26,Premium
CUST00922,Isha,Bhatia,Bengaluru,South,2024-05-18,New
CUST00923,Nisha,Nair,Mumbai,West,2025-03-10,New
CUST00924,Vivaan,Nair,Pune,West,2024-01-06,New
CUST00925,Sanjay,Nair,Hyderabad,South,2024-11-30,New
CUST00926,Sanjay,Pillai,Mumbai,West,2024-11-17,Regular
CUST00927,Amit,Bhatia,Hyderabad,South,2025-03-23,Premium
CUST00928,Rohan,Gupta,Bengaluru,South,2024-01-03,New
CUST00929,Krishna,Singh,Chandigarh,North,2024-02-29,Regular
CUST00930,Deepak,Joshi,Chandigarh,North,2025-02-17,New
CUST00931,Nisha,Pillai,Jaipur,North,2024-12-13,Regular
CUST00932,Vivaan,Bhatia,Jaipur,North,2025-02-23,Regular
CUST00933,Deepak,Kumar,Kolkata,East,2024-11-09,Regular
CUST00934,Aditya,Kumar,Bengaluru,South,2024-07-10,Regular
CUST00935,Meera,Reddy,Nagpur,West,2024-09-21,New
CUST00936,Sai,Pillai,Kolkata,East,2025-01-21,New
CUST00937,Deepak,Singh,Lucknow,North,2024-09-01,Regular
CUST00938,Rohan,Chopra,Lucknow,North,2025-03-20,Regular
CUST00939,Amit,Rao,Ahmedabad,West,2024-04-13,New
CUST00940,Krishna,Malhotra,Chandigarh,North,2025-01-20,New
CUST00941,Diya,Mehta,Nagpur,West,2025-01-29,New
CUST00942,Saanvi,Verma,Mumbai,West,2025-01-30,New
CUST00943,Neha,Das,Delhi,North,2025-01-18,Regular
CUST00944,Sanjay,Bhatia,Bengaluru,South,2024-06-14,Regular
CUST00945,Vikram,Sharma,Nagpur,West,2025-02-08,Regular
CUST00946,Isha,Singh,Kolkata,East,2024-10-04,New
CUST00947,Rahul,Bhatia,Hyderabad,South,2024-10-05,Premium
CUST00948,Pooja,Agarwal,Lucknow,North,2024-12-22,Regular
CUST00949,Aarav,Nair,Delhi,North,2024-06-13,New
CUST00950,Sai,Gupta,Chennai,South,2024-11-11,New
CUST00951,Anika,Rao,Pune,West,2024-08-04,Premium
CUST00952,Meera,Nair,Kolkata,East,2024-04-13,Regular
CUST00953,Anika,Verma,Ahmedabad,West,2024-11-26,Regular
CUST00954,Vikram,Patel,Chandigarh,North,2024-10-02,Premium
CUST00955,Vikram,Mehta,Bengaluru,South,2024-12-30,Regular
CUST00956,Myra,Rao,Delhi,North,2024-10-17,New
CUST00957,Meera,Sinha,Pune,West,2025-02-17,New
CUST00958,Aadhya,Gupta,Pune,West,2024-06-14,New
CUST00959,Pooja,Das,Delhi,North,2024-12-21,New
CUST00960,Myra,Joshi,Lucknow,North,2024-12-20,Premium
CUST00961,Arjun,Mehta,Bengaluru,South,2024-01-25,New
CUST00962,Vikram,Sinha,Chandigarh,North,2025-03-25,Regular
CUST00963,Ananya,Agarwal,Bengaluru,South,2024-12-08,Premium
CUST00964,Kavya,Verma,Kolkata,East,2024-01-28,Regular
CUST00965,Meera,Kumar,Bengaluru,South,2024-05-28,Premium
CUST00966,Vihaan,Pillai,Lucknow,North,2024-06-14,Regular
CUST00967,Ananya,Joshi,Mumbai,West,2024-06-03,Regular
CUST00968,Anika,Joshi,Chennai,South,2025-03-03,Regular
CUST00969,Ishaan,Iyer,Pune,West,2025-02-09,New
CUST00970,Reyansh,Singh,Delhi,North,2024-05-22,New
CUST00971,Amit,Das,Delhi,North,2024-04-02,Premium
CUST00972,Anika,Agarwal,Mumbai,West,2024-04-21,New
CUST00973,Meera,Joshi,Nagpur,West,2024-10-22,Regular
CUST00974,Nisha,Patel,Bengaluru,South,2024-06-04,Regular
CUST00975,Nisha,Malhotra,Mumbai,West,2024-10-19,Regular
CUST00976,Vivaan,Singh,Pune,West,2024-01-26,Regular
CUST00977,Diya,Nair,Chandigarh,North,2024-05-29,Regular
CUST00978,Vikram,Nair,Lucknow,North,2025-02-17,Premium
CUST00979,Priya,Agarwal,Kolkata,East,2024-05-23,Regular
CUST00980,Ananya,Reddy,Chandigarh,North,2024-08-26,Regular
CUST00981,Meera,Iyer,Bengaluru,South,2024-06-27,New
CUST00982,Rohan,Pillai,Kolkata,East,2024-11-08,Regular
CUST00983,Rahul,Kapoor,Hyderabad,South,2025-01-14,New
CUST00984,Neha,Chopra,Delhi,North,2024-09-29,Premium
CUST00985,Nisha,Sinha,Chandigarh,North,2024-04-07,New
CUST00986,Diya,Verma,Chandigarh,North,2024-10-02,New
CUST00987,Pooja,Mehta,Hyderabad,South,2024-09-27,New
CUST00988,Aditya,Kumar,Jaipur,North,2024-10-22,New
CUST00989,Diya,Nair,Chandigarh,North,2024-04-19,Regular
CUST00990,Vikram,Mehta,Kolkata,East,2024-01-28,New
CUST00991,Vikram,Malhotra,Hyderabad,South,2024-04-10,New
CUST00992,Vihaan,Das,Pune,West,2025-01-17,Premium
CUST00993,Pooja,Verma,Kolkata,East,2024-01-11,Regular
CUST00994,Nisha,Kumar,Pune,West,2024-09-22,Regular
CUST00995,Kavya,Gupta,Nagpur,West,2024-04-21,New
CUST00996,Neha,Pillai,Delhi,North,2024-09-03,Premium
CUST00997,Rohan,Mehta,Chennai,South,2024-07-02,New
CUST00998,Amit,Malhotra,Jaipur,North,2024-06-24,Regular
CUST00999,Diya,Nair,Delhi,North,2025-02-02,New
CUST01000,Myra,Reddy,Delhi,North,2024-02-01,Premium
CUST01001,Priya,Das,Jaipur,North,2025-03-22,Regular
CUST01002,Sai,Sinha,Nagpur,West,2024-11-22,New
CUST01003,Aadhya,Das,Kolkata,East,2024-10-21,Regular
CUST01004,Sanjay,Nair,Delhi,North,2024-08-16,Regular
CUST01005,Isha,Kapoor,Pune,West,2024-05-11,Premium
CUST01006,Krishna,Malhotra,Chandigarh,North,2024-07-09,Regular
CUST01007,Kiran,Gupta,Nagpur,West,2024-05-10,New
CUST01008,Vivaan,Rao,Pune,West,2024-04-05,Premium
CUST01009,Krishna,Nair,Jaipur,North,2024-01-06,New
CUST01010,Aditya,Mehta,Bengaluru,South,2024-09-12,New
CUST01011,Saanvi,Kumar,Hyderabad,South,2024-12-10,New
CUST01012,Nisha,Agarwal,Kolkata,East,2025-01-17,New
CUST01013,Isha,Malhotra,Lucknow,North,2024-04-23,New
CUST01014,Priya,Malhotra,Delhi,North,2025-03-13,New
CUST01015,Aarav,Bhatia,Delhi,North,2025-02-11,Regular
CUST01016,Anika,Malhotra,Kolkata,East,2024-06-22,Regular
CUST01017,Meera,Bhatia,Chandigarh,North,2024-09-25,Regular
CUST01018,Saanvi,Rao,Kolkata,East,2024-01-02,Regular
CUST01019,Saanvi,Reddy,Mumbai,West,2024-08-08,Regular
CUST01020,Anika,Malhotra,Chandigarh,North,2024-04-03,New
CUST01021,Neha,Pillai,Ahmedabad,West,2024-04-25,Regular
CUST01022,Priya,Mehta,Nagpur,West,2024-02-22,New
CUST01023,Priya,Sharma,Jaipur,North,2024-11-03,Premium
CUST01024,Myra,Sharma,Nagpur,West,2024-08-14,Regular
CUST01025,Aadhya,Iyer,Nagpur,West,2024-08-24,New
CUST01026,Sanjay,Nair,Ahmedabad,West,2024-06-03,New
CUST01027,Aarav,Joshi,Ahmedabad,West,2024-02-11,New
CUST01028,Ananya,Reddy,Chandigarh,North,2024-12-16,Regular
CUST01029,Deepak,Nair,Kolkata,East,2024-02-25,New
CUST01030,Anika,Patel,Chennai,South,2024-07-10,New
CUST01031,Krishna,Iyer,Delhi,North,2024-08-14,New
CUST01032,Pooja,Pillai,Chennai,South,2024-04-24,New
CUST01033,Krishna,Sinha,Kolkata,East,2024-06-04,Regular
CUST01034,Sai,Sinha,Ahmedabad,West,2024-01-28,Regular
CUST01035,Neha,Kumar,Bengaluru,South,2024-08-31,Regular
CUST01036,Deepak,Pillai,Chandigarh,North,2024-06-12,Premium
CUST01037,Priya,Pillai,Jaipur,North,2024-08-15,Regular
CUST01038,Kavya,Sinha,Lucknow,North,2024-09-08,New
CUST01039,Krishna,Sharma,Lucknow,North,2024-07-28,Premium
CUST01040,Aarav,Chopra,Ahmedabad,West,2024-07-26,Regular
CUST01041,Sai,Chopra,Chandigarh,North,2024-05-16,New
CUST01042,Pooja,Chopra,Ahmedabad,West,2025-01-09,Premium
CUST01043,Sanjay,Verma,Bengaluru,South,2024-09-06,New
CUST01044,Amit,Mehta,Jaipur,North,2024-10-08,Regular
CUST01045,Krishna,Mehta,Bengaluru,South,2024-11-18,New
CUST01046,Aditya,Rao,Delhi,North,2024-09-27,Regular
CUST01047,Ishaan,Chopra,Lucknow,North,2024-06-23,New
CUST01048,Anika,Agarwal,Nagpur,West,2024-05-11,New
CUST01049,Neha,Rao,Delhi,North,2024-09-02,New
CUST01050,Nisha,Gupta,Lucknow,North,2024-05-28,New
CUST01051,Saanvi,Agarwal,Pune,West,2025-03-21,Regular
CUST01052,Priya,Patel,Lucknow,North,2024-09-06,New
CUST01053,Myra,Kapoor,Jaipur,North,2024-10-03,Regular
CUST01054,Deepak,Kumar,Pune,West,2024-04-22,New
CUST01055,Diya,Bhatia,Kolkata,East,2024-03-31,Premium
CUST01056,Kiran,Gupta,Pune,West,2024-12-25,Regular
CUST01057,Aditya,Nair,Mumbai,West,2024-05-17,New
CUST01058,Saanvi,Nair,Kolkata,East,2024-07-21,Regular
CUST01059,Arjun,Malhotra,Chennai,South,2024-11-06,New
CUST01060,Meera,Malhotra,Pune,West,2024-12-14,New
CUST01061,Meera,Rao,Mumbai,West,2025-03-24,Regular
CUST01062,Riya,Joshi,Nagpur,West,2024-04-17,New
CUST01063,Deepak,Malhotra,Chandigarh,North,2025-03-22,Regular
CUST01064,Vikram,Iyer,Kolkata,East,2024-08-10,Regular
CUST01065,Pooja,Bhatia,Mumbai,West,2024-09-03,New
CUST01066,Sanjay,Chopra,Delhi,North,2025-03-14,New
CUST01067,Arjun,Bhatia,Delhi,North,2024-11-16,New
CUST01068,Rohan,Mehta,Chennai,South,2024-11-30,Regular
CUST01069,Sai,Gupta,Ahmedabad,West,2024-07-08,Regular
CUST01070,Saanvi,Malhotra,Delhi,North,2024-06-14,Regular
CUST01071,Kavya,Malhotra,Pune,West,2024-06-11,New
CUST01072,Myra,Nair,Pune,West,2024-10-09,Regular
CUST01073,Rahul,Gupta,Nagpur,West,2024-01-06,Regular
CUST01074,Deepak,Pillai,Kolkata,East,2024-08-04,Regular
CUST01075,Myra,Kumar,Lucknow,North,2024-01-20,New
CUST01076,Meera,Das,Mumbai,West,2025-01-22,Regular
CUST01077,Kavya,Kapoor,Kolkata,East,2025-01-18,New
CUST01078,Myra,Sinha,Chandigarh,North,2024-08-26,Regular
CUST01079,Saanvi,Gupta,Bengaluru,South,2025-02-07,Regular
CUST01080,Deepak,Rao,Nagpur,West,2024-12-25,New
CUST01081,Vikram,Pillai,Kolkata,East,2024-12-28,Premium
CUST01082,Aditya,Singh,Pune,West,2024-11-09,Regular
CUST01083,Arjun,Rao,Hyderabad,South,2024-10-22,New
CUST01084,Kiran,Rao,Hyderabad,South,2025-03-04,New
CUST01085,Isha,Verma,Bengaluru,South,2024-09-02,New
CUST01086,Myra,Joshi,Jaipur,North,2024-02-14,Regular
CUST01087,Reyansh,Chopra,Bengaluru,South,2024-04-12,Regular
CUST01088,Sanjay,Rao,Bengaluru,South,2024-10-12,Regular
CUST01089,Anika,Das,Chennai,South,2025-01-07,New
CUST01090,Kiran,Verma,Chandigarh,North,2025-01-16,New
CUST01091,Arjun,Patel,Ahmedabad,West,2024-05-01,New
CUST01092,Diya,Singh,Kolkata,East,2024-01-06,New
CUST01093,Anika,Bhatia,Ahmedabad,West,2025-01-12,Regular
CUST01094,Arjun,Mehta,Hyderabad,South,2024-01-06,New
CUST01095,Meera,Gupta,Lucknow,North,2024-05-18,Regular
CUST01096,Vihaan,Singh,Delhi,North,2024-10-23,New
CUST01097,Amit,Patel,Bengaluru,South,2024-01-22,New
CUST01098,Amit,Rao,Kolkata,East,2024-09-23,Regular
CUST01099,Rohan,Gupta,Jaipur,North,2024-11-11,New
CUST01100,Kavya,Sharma,Mumbai,West,2024-04-22,New
CUST01101,Ishaan,Mehta,Bengaluru,South,2024-05-04,New
CUST01102,Myra,Agarwal,Kolkata,East,2024-01-30,Regular
CUST01103,Vivaan,Malhotra,Ahmedabad,West,2025-01-02,New
CUST01104,Rohan,Kapoor,Lucknow,North,2024-11-09,New
CUST01105,Ishaan,Kapoor,Bengaluru,South,2024-04-25,New
CUST01106,Rohan,Gupta,Chandigarh,North,2024-01-11,Regular
CUST01107,Amit,Malhotra,Kolkata,East,2024-07-27,New
CUST01108,Vivaan,Chopra,Jaipur,North,2024-10-24,Premium
CUST01109,Meera,Joshi,Delhi,North,2024-08-30,New
CUST01110,Rahul,Rao,Pune,West,2025-03-16,Regular
CUST01111,Myra,Bhatia,Lucknow,North,2024-03-16,New
CUST01112,Vihaan,Reddy,Pune,West,2024-05-09,New
CUST01113,Meera,Bhatia,Ahmedabad,West,2024-09-19,New
CUST01114,Neha,Kapoor,Ahmedabad,West,2025-01-14,New
CUST01115,Nisha,Joshi,Delhi,North,2024-03-03,New
CUST01116,Pooja,Singh,Chennai,South,2024-01-08,Premium
CUST01117,Aadhya,Singh,Nagpur,West,2024-04-27,New
CUST01118,Diya,Kumar,Kolkata,East,2025-02-03,New
CUST01119,Reyansh,Malhotra,Hyderabad,South,2024-05-03,Regular
CUST01120,Vikram,Gupta,Hyderabad,South,2025-03-06,Regular
CUST01121,Riya,Malhotra,Lucknow,North,2024-01-21,Regular
CUST01122,Meera,Agarwal,Hyderabad,South,2024-10-07,New
CUST01123,Vihaan,Verma,Pune,West,2024-08-11,Regular
CUST01124,Arjun,Singh,Bengaluru,South,2024-02-03,New
CUST01125,Nisha,Singh,Pune,West,2024-06-28,Premium
CUST01126,Vihaan,Iyer,Kolkata,East,2025-02-06,Regular
CUST01127,Priya,Bhatia,Jaipur,North,2024-05-27,Regular
CUST01128,Vihaan,Das,Mumbai,West,2024-01-05,New
CUST01129,Nisha,Joshi,Chennai,South,2024-10-04,Regular
CUST01130,Vikram,Chopra,Mumbai,West,2024-03-17,Premium
CUST01131,Rohan,Reddy,Hyderabad,South,2024-05-26,New
CUST01132,Aditya,Sinha,Chennai,South,2024-10-14,Regular
CUST01133,Priya,Mehta,Mumbai,West,2024-07-12,New
CUST01134,Saanvi,Rao,Kolkata,East,2024-09-01,New
CUST01135,Pooja,Sharma,Chandigarh,North,2025-01-09,New
CUST01136,Reyansh,Bhatia,Mumbai,West,2025-01-30,New
CUST01137,Aarav,Joshi,Nagpur,West,2024-11-16,Regular
CUST01138,Rahul,Mehta,Kolkata,East,2025-01-20,Regular
CUST01139,Vihaan,Chopra,Bengaluru,South,2025-02-13,New
CUST01140,Anika,Joshi,Chandigarh,North,2024-07-13,New
CUST01141,Rohan,Pillai,Pune,West,2025-03-25,Regular
CUST01142,Vivaan,Agarwal,Pune,West,2024-10-10,Regular
CUST01143,Vikram,Mehta,Nagpur,West,2024-10-24,New
CUST01144,Isha,Iyer,Pune,West,2024-02-11,New
CUST01145,Amit,Rao,Pune,West,2024-07-03,Regular
CUST01146,Ananya,Iyer,Mumbai,West,2024-06-08,Regular
CUST01147,Vivaan,Chopra,Ahmedabad,West,2024-03-13,Regular
CUST01148,Ishaan,Mehta,Jaipur,North,2024-08-13,Regular
CUST01149,Reyansh,Verma,Delhi,North,2025-03-10,Regular
CUST01150,Pooja,Verma,Jaipur,North,2024-03-18,New
CUST01151,Myra,Chopra,Chennai,South,2024-06-04,New
CUST01152,Reyansh,Mehta,Chennai,South,2024-05-25,New
CUST01153,Vivaan,Chopra,Pune,West,2024-02-05,Premium
CUST01154,Amit,Kapoor,Hyderabad,South,2025-03-15,Regular
CUST01155,Aarav,Malhotra,Hyderabad,South,2024-05-27,Premium
CUST01156,Aditya,Malhotra,Chandigarh,North,2025-02-03,New
CUST01157,Vihaan,Nair,Bengaluru,South,2024-08-18,New
CUST01158,Sai,Chopra,Delhi,North,2024-03-27,Regular
CUST01159,Reyansh,Kapoor,Nagpur,West,2025-02-04,Regular
CUST01160,Myra,Chopra,Mumbai,West,2024-09-17,New
CUST01161,Priya,Nair,Chandigarh,North,2024-07-24,New
CUST01162,Aarav,Gupta,Delhi,North,2024-03-23,New
CUST01163,Nisha,Nair,Chandigarh,North,2024-07-30,Regular
CUST01164,Ishaan,Patel,Jaipur,North,2024-04-04,New
CUST01165,Isha,Kumar,Nagpur,West,2024-08-06,New
CUST01166,Neha,Sharma,Hyderabad,South,2025-03-03,New
CUST01167,Ananya,Reddy,Pune,West,2024-12-09,New
CUST01168,Amit,Rao,Bengaluru,South,2024-01-20,Regular
CUST01169,Aarav,Bhatia,Delhi,North,2024-12-02,Regular
CUST01170,Priya,Patel,Ahmedabad,West,2024-01-29,Regular
CUST01171,Aarav,Gupta,Nagpur,West,2024-06-11,Regular
CUST01172,Diya,Chopra,Hyderabad,South,2024-04-18,New
CUST01173,Reyansh,Singh,Bengaluru,South,2024-10-01,Regular
CUST01174,Isha,Joshi,Nagpur,West,2025-03-16,New
CUST01175,Priya,Bhatia,Chennai,South,2024-12-30,Regular
CUST01176,Riya,Nair,Hyderabad,South,2024-07-18,Premium
CUST01177,Aadhya,Sinha,Lucknow,North,2025-02-10,Regular
CUST01178,Kiran,Iyer,Hyderabad,South,2025-03-15,New
CUST01179,Reyansh,Sinha,Nagpur,West,2024-07-25,Regular
CUST01180,Kavya,Joshi,Lucknow,North,2024-02-11,Regular
CUST01181,Sai,Verma,Chandigarh,North,2024-10-01,Regular
CUST01182,Kavya,Agarwal,Pune,West,2025-01-03,Regular
CUST01183,Aarav,Gupta,Ahmedabad,West,2024-11-23,Regular
CUST01184,Amit,Bhatia,Ahmedabad,West,2024-09-19,Regular
CUST01185,Vikram,Singh,Jaipur,North,2025-01-30,Regular
CUST01186,Kavya,Chopra,Chandigarh,North,2024-02-20,Premium
CUST01187,Kavya,Rao,Jaipur,North,2024-09-25,Regular
CUST01188,Amit,Agarwal,Pune,West,2024-09-16,New
CUST01189,Saanvi,Reddy,Lucknow,North,2024-01-11,New
CUST01190,Ishaan,Malhotra,Kolkata,East,2024-01-28,Regular
CUST01191,Sanjay,Sinha,Delhi,North,2024-06-12,New
CUST01192,Aditya,Pillai,Bengaluru,South,2024-07-26,New
CUST01193,Priya,Malhotra,Ahmedabad,West,2024-08-04,New
CUST01194,Rohan,Bhatia,Chennai,South,2024-03-04,Regular
CUST01195,Deepak,Patel,Kolkata,East,2024-08-04,Premium
CUST01196,Amit,Pillai,Mumbai,West,2024-06-17,New
CUST01197,Sanjay,Reddy,Mumbai,West,2024-08-17,Premium
CUST01198,Aarav,Sharma,Nagpur,West,2025-03-12,Regular
CUST01199,Vihaan,Pillai,Hyderabad,South,2025-03-02,Regular
CUST01200,Vihaan,Sharma,Kolkata,East,2024-06-26,Premium
